Lenguaje,IDE
JavaScript,NeoVim
C#,VSCode
Typescript,VSCode
NS/NC,Vim
Python,VSCode
Groovy,VSCode
C#,VSCode
C#,VSCode
NS/NC,VSCodium
NS/NC,Joe
Python,VSCodium
Java,IntelliJ
Java ,IntelliJ
Java,IntelliJ
NS/NC,NS/NC
Java,VSCode
Go,Vim
CFML,bluefish
Java,Eclipse
Python,Vim 
Python,Pycharm
Java,VSCode
Java,IntelliJ
JavaScript,VSCode
Python,NS/NC
Javascript,VSCode
TypeScript,VSCode
TypeScript,NeoVim
JavaScript,VSCode
Java,Eclipse
Javascript,VSCode
Bash,Vim
Python,VSCode
Python,VSCode
Python,Pycharm
Python,Vim
Java,IntelliJ
NS/NC,NS/NC
TypeScript,VSCode
PHP,PyCharm
Go,NeoVim
CFML,VSCode
Java,IntelliJ
